source_ip,destination_ip,timestamp,event_type
192.168.0.1,10.0.0.1,2023-05-31 10:30:00,login
192.168.0.2,10.0.0.2,2023-05-31 11:15:00,malware
192.168.0.3,10.0.0.3,2023-05-31 12:45:00,login
192.168.0.4,10.0.0.4,2023-05-31 13:30:00,login
192.168.0.5,10.0.0.5,2023-05-31 14:15:00,intrusion
192.168.0.6,10.0.0.6,2023-05-31 15:00:00,login
192.168.0.7,10.0.0.7,2023-05-31 15:45:00,malware
192.168.0.8,10.0.0.8,2023-05-31 16:30:00,intrusion
192.168.0.9,10.0.0.9,2023-05-31 17:15:00,login
192.168.0.10,10.0.0.10,2023-05-31 18:00:00,intrusion
192.168.0.11,10.0.0.11,2023-05-31 18:45:00,malware
192.168.0.12,10.0.0.12,2023-05-31 19:30:00,login
192.168.0.13,10.0.0.13,2023-05-31 20:15:00,login
192.168.0.14,10.0.0.14,2023-05-31 21:00:00,login
192.168.0.15,10.0.0.15,2023-05-31 21:45:00,login
192.168.0.16,10.0.0.16,2023-05-31 22:30:00,intrusion
192.168.0.17,10.0.0.17,2023-05-31 23:15:00,login
192.168.0.18,10.0.0.18,2023-05-31 23:45:00,intrusion
192.168.0.19,10.0.0.19,2023-05-31 00:30:00,login
192.168.0.20,10.0.0.20,2023-05-31 01:15:00,login
192.168.0.21,10.0.0.21,2023-05-31 02:00:00,malware
192.168.0.22,10.0.0.22,2023-05-31 02:45:00,login
192.168.0.23,10.0.0.23,2023-05-31 03:30:00,login
192.168.0.24,10.0.0.24,2023-05-31 04:15:00,intrusion
192.168.0.25,10.0.0.25,2023-05-31 05:00:00,login
192.168.0.26,10.0.0.26,2023-05-31 05:45:00,intrusion
192.168.0.27,10.0.0.27,2023-05-31 06:30:00,malware
192.168.0.28,10.0.0.28,2023-05-31 07:15:00,login
192.168.0.29,10.0.0.29,2023-05-31 08:00:00,login
192.168.0.30,10.0.0.30,2023-05-31 08:45:00,login
192.168.0.31,10.0.0.31,2023-05-31 09:30:00,malware
192.168.0.32,10.0.0.32,2023-05-31 10:15:00,login
192.168.0.33,10.0.0.33,2023-05-31 11:00:00,login
192.168.0.34,10.0.0.34,2023-05-31 11:45:00,login
192.168.0.35,10.0.0.35,2023-05-31 12:30:00,login
192.168.0.36,10.0.0.36,2023-05-31 13:15:00,intrusion
192.168.0.37,10.0.0.37,2023-05-31 14:00:00,login
192.168.0.38,10.0.0.38,2023-05-31 14:45:00,intrusion
192.168.0.39,10.0.0.39,2023-05-31 15:30:00,malware
192.168.0.40,10.0.0.40,2023-05-31 16:15:00,intrusion
192.168.0.41,10.0.0.41,2023-05-31 17:00:00,login
192.168.0.42,10.0.0.42,2023-05-31 17:45:00,intrusion
192.168.0.43,10.0.0.43,2023-05-31 18:30:00,malware
192.168.0.44,10.0.0.44,2023-05-31 19:15:00,intrusion
192.168.0.45,10.0.0.45,2023-05-31 20:00:00,login
192.168.0.46,10.0.0.46,2023-05-31 20:45:00,intrusion
192.168.0.47,10.0.0.47,2023-05-31 21:30:00,malware
192.168.0.48,10.0.0.48,2023-05-31 22:15:00,intrusion
192.168.0.49,10.0.0.49,2023-05-31 23:00:00,login
192.168.0.50,10.0.0.50,2023-05-31 23:45:00,intrusion
